{
  "project_info": {
    "project_number": "714439783004",
    "project_id": "drinkvibereinicio",
    "storage_bucket": "drinkvibereinicio.firebasestorage.app"
  },
  "client": [
    {
      "client_info": {
        "mobilesdk_app_id": "1:714439783004:android:a9831cf147ce15b065ec99",
        "android_client_info": {
          "package_name": "com.example.taller3_eltriangulo"
        }
      },
      "oauth_client": [],
      "api_key": [
        {
          "current_key": "AIzaSyDiZ-_JrnVGW7And3qqg9S-CDamf_zZdwI"
        }
      ],
      "services": {
        "appinvite_service": {
          "other_platform_oauth_client": []
        }
      }
    }
  ],
  "configuration_version": "1"
}